CookerStat, GenerateAssetRegistry=0.041876, Initialize=0.230316, RunGuid=RunID412F78C9452894DFB916C58C634E9187
DDCTransactionIdB7CC6F574CB52F5D0BB940B8BEA59505_0, BuildTexture=, CacheKey=TEXTURE_814DCC3DC72143F49509781513CB9855_AutoDXT_3D9DF5394695F7124FAF65908374C968_07_0000803F0000803F0000803F000000000000803F00000000000000000000803F00000000000000000200000001000300000000000101000000040000803FFFFFFFFF00000000FF00FF00FFFF8180803B, StartTime=2016.05.10-10.18.33, Duration=407.756439, RunGuid=RunID412F78C9452894DFB916C58C634E9187
DDCTransactionId39DEA6B74302DA4B9B4D4E88D33156B7_0, PutCachedData=, CacheKey=TEXTURE_814DCC3DC72143F49509781513CB9855_AutoDXT_3D9DF5394695F7124FAF65908374C__F79118E6F30CD645ED13CCACDE18506EDDF2AAA7, StartTime=2016.05.10-10.18.34, HierarchicalDDC=, DataSize=131335, Duration=96.871643, RunGuid=RunID412F78C9452894DFB916C58C634E9187
DDCTransactionId1422E3194069F5187F77FCA03836D80A_0, PutCachedData=, CacheKey=TEXTURE_814DCC3DC72143F49509781513CB9855_AutoDXT_3D9DF5394695F7124FAF65908374C__D9BCE034B54501B31E1268E47E4A9A15D33D5424, StartTime=2016.05.10-10.18.34, HierarchicalDDC=, DataSize=33031, Duration=3.030654, RunGuid=RunID412F78C9452894DFB916C58C634E9187
DDCTransactionId965DC8EE4B940FE4EAFB019CBE28EBCA_0, PutCachedData=, CacheKey=TEXTURE_814DCC3DC72143F49509781513CB9855_AutoDXT_3D9DF5394695F7124FAF65908374C__8D74DBB4A0FC52B1E60DDF306B3B6D5AD8928B38, StartTime=2016.05.10-10.18.34, HierarchicalDDC=, DataSize=8455, Duration=191.307510, RunGuid=RunID412F78C9452894DFB916C58C634E9187
DDCTransactionId1422E3194069F5187F77FCA03836D80A_1, PutCachedData=, CacheKey=TEXTURE_814DCC3DC72143F49509781513CB9855_AutoDXT_3D9DF5394695F7124FAF65908374C__1048758D1A9E930E3BE15FAD74367A7AD7306A1B, StartTime=2016.05.10-10.18.34, HierarchicalDDC=, DataSize=4155, Duration=3.352109, RunGuid=RunID412F78C9452894DFB916C58C634E9187
DDCTransactionIdB7CC6F574CB52F5D0BB940B8BEA59505_1, BuildTexture=, CacheKey=TEXTURE_814DCC3DC72143F49509781513CB9855_BC5_660726A047C2927550383F8D31513001_07_0000803F0000803F0000803F000000000000803F00000000000000000000803F00000000000000000200000001000000000000000100000000040000803FFFFFFFFF00000000FF00FF00FFFF8180803B, StartTime=2016.05.10-10.18.34, Duration=27.929451, RunGuid=RunID412F78C9452894DFB916C58C634E9187
DDCTransactionId1422E3194069F5187F77FCA03836D80A_2, PutCachedData=, CacheKey=TEXTURE_814DCC3DC72143F49509781513CB9855_BC5_660726A047C2927550383F8D31513001___E4261310C6827BE0699E0E38E182C3B841FFD2EB, StartTime=2016.05.10-10.18.34, HierarchicalDDC=, DataSize=262403, Duration=97.806458, RunGuid=RunID412F78C9452894DFB916C58C634E9187
DDCTransactionId39DEA6B74302DA4B9B4D4E88D33156B7_1, PutCachedData=, CacheKey=TEXTURE_814DCC3DC72143F49509781513CB9855_BC5_660726A047C2927550383F8D31513001___8840DF5883E6EC5500D3350FB12B05898FBAE0C5, StartTime=2016.05.10-10.18.34, HierarchicalDDC=, DataSize=65795, Duration=39.738811, RunGuid=RunID412F78C9452894DFB916C58C634E9187
DDCTransactionIdB7CC6F574CB52F5D0BB940B8BEA59505_2, BuildTexture=, CacheKey=TEXTURE_814DCC3DC72143F49509781513CB9855_BC5_DF45889644371608E2E167A00D0E9612_07_0000803F0000803F0000803F000000000000803F00000000000000000000803F00000000000000000200000001000000000000000100000000040000803FFFFFFFFF00000000FF00FF00FFFF8180803B, StartTime=2016.05.10-10.18.34, Duration=21.488804, RunGuid=RunID412F78C9452894DFB916C58C634E9187
DDCTransactionId1422E3194069F5187F77FCA03836D80A_3, PutCachedData=, CacheKey=TEXTURE_814DCC3DC72143F49509781513CB9855_BC5_660726A047C2927550383F8D31513001___656A5593B9A79465290398ABD19F32BF841D32E1, StartTime=2016.05.10-10.18.34, HierarchicalDDC=, DataSize=16643, Duration=43.179596, RunGuid=RunID412F78C9452894DFB916C58C634E9187
DDCTransactionId39DEA6B74302DA4B9B4D4E88D33156B7_2, PutCachedData=, CacheKey=TEXTURE_814DCC3DC72143F49509781513CB9855_BC5_660726A047C2927550383F8D31513001___CF70F1551B9B3BAA91EF94E1C1B6B6F013D72556, StartTime=2016.05.10-10.18.34, HierarchicalDDC=, DataSize=6882, Duration=8.457251, RunGuid=RunID412F78C9452894DFB916C58C634E9187
DDCTransactionIdB7CC6F574CB52F5D0BB940B8BEA59505_3, BuildTexture=, CacheKey=TEXTURE_814DCC3DC72143F49509781513CB9855_AutoDXT_C25F0AA4434FAD95C399DCB32877CF9E_07_0000803F0000803F0000803F000000000000803F00000000000000000000803F00000000000000000200000001000300000000000101000000040000803FFFFFFFFF00000000FF00FF00FFFF8180803B, StartTime=2016.05.10-10.18.34, Duration=112.568459, RunGuid=RunID412F78C9452894DFB916C58C634E9187
DDCTransactionId39DEA6B74302DA4B9B4D4E88D33156B7_3, PutCachedData=, CacheKey=TEXTURE_814DCC3DC72143F49509781513CB9855_BC5_DF45889644371608E2E167A00D0E9612___443B7C5B121406914003AD4942611D4E7AB0E6B6, StartTime=2016.05.10-10.18.34, HierarchicalDDC=, DataSize=262403, Duration=3.417384, RunGuid=RunID412F78C9452894DFB916C58C634E9187
DDCTransactionId39DEA6B74302DA4B9B4D4E88D33156B7_4, PutCachedData=, CacheKey=TEXTURE_814DCC3DC72143F49509781513CB9855_BC5_DF45889644371608E2E167A00D0E9612___B9B78E453C5A2D47BC10970C4EE4FB7BA7A1EFE0, StartTime=2016.05.10-10.18.34, HierarchicalDDC=, DataSize=65795, Duration=2.834000, RunGuid=RunID412F78C9452894DFB916C58C634E9187
DDCTransactionId39DEA6B74302DA4B9B4D4E88D33156B7_5, PutCachedData=, CacheKey=TEXTURE_814DCC3DC72143F49509781513CB9855_BC5_DF45889644371608E2E167A00D0E9612___EF451734771F1E7FD2C45DBFD0445135812CF3B5, StartTime=2016.05.10-10.18.34, HierarchicalDDC=, DataSize=16643, Duration=4.311964, RunGuid=RunID412F78C9452894DFB916C58C634E9187
DDCTransactionId39DEA6B74302DA4B9B4D4E88D33156B7_6, PutCachedData=, CacheKey=TEXTURE_814DCC3DC72143F49509781513CB9855_BC5_DF45889644371608E2E167A00D0E9612___DF2A58CA17E68A9DB2FAE8BE60FCFA7DA2120DF0, StartTime=2016.05.10-10.18.34, HierarchicalDDC=, DataSize=6882, Duration=2.116773, RunGuid=RunID412F78C9452894DFB916C58C634E9187
DDCTransactionId39DEA6B74302DA4B9B4D4E88D33156B7_7, PutCachedData=, CacheKey=TEXTURE_814DCC3DC72143F49509781513CB9855_AutoDXT_C25F0AA4434FAD95C399DCB32877C__F9C48EB226BBE8678412D2FA9F8F6414C0AF8240, StartTime=2016.05.10-10.18.34, HierarchicalDDC=, DataSize=131335, Duration=29.042032, RunGuid=RunID412F78C9452894DFB916C58C634E9187
DDCTransactionId1422E3194069F5187F77FCA03836D80A_4, PutCachedData=, CacheKey=TEXTURE_814DCC3DC72143F49509781513CB9855_AutoDXT_C25F0AA4434FAD95C399DCB32877C__1EDF00FCB9562E717B43F900063C2EC891004D4F, StartTime=2016.05.10-10.18.34, HierarchicalDDC=, DataSize=33031, Duration=41.245926, RunGuid=RunID412F78C9452894DFB916C58C634E9187
DDCTransactionId965DC8EE4B940FE4EAFB019CBE28EBCA_1, PutCachedData=, CacheKey=TEXTURE_814DCC3DC72143F49509781513CB9855_AutoDXT_C25F0AA4434FAD95C399DCB32877C__280A88EACD9BCBBE505626E96B2A7B43B3526266, StartTime=2016.05.10-10.18.34, HierarchicalDDC=, DataSize=8455, Duration=14.870804, RunGuid=RunID412F78C9452894DFB916C58C634E9187
DDCTransactionIdB7CC6F574CB52F5D0BB940B8BEA59505_4, BuildTexture=, CacheKey=TEXTURE_814DCC3DC72143F49509781513CB9855_BC5_9D79806F4FC0A8F037E5F6AFD2EE46E8_07_0000803F0000803F0000803F000000000000803F00000000000000000000803F00000000000000000200000001000000000000000100000000040000803FFFFFFFFF00000000FF00FF00FFFF8180803B, StartTime=2016.05.10-10.18.34, Duration=24.618809, RunGuid=RunID412F78C9452894DFB916C58C634E9187
DDCTransactionId965DC8EE4B940FE4EAFB019CBE28EBCA_2, PutCachedData=, CacheKey=TEXTURE_814DCC3DC72143F49509781513CB9855_AutoDXT_C25F0AA4434FAD95C399DCB32877C__3C5BFA81A17D8CFE09D86A05346BFF1F1568772B, StartTime=2016.05.10-10.18.34, HierarchicalDDC=, DataSize=4155, Duration=1.787521, RunGuid=RunID412F78C9452894DFB916C58C634E9187
DDCTransactionId965DC8EE4B940FE4EAFB019CBE28EBCA_3, PutCachedData=, CacheKey=TEXTURE_814DCC3DC72143F49509781513CB9855_BC5_9D79806F4FC0A8F037E5F6AFD2EE46E8___22817D37760A7F9C8F40F845F65CB9EC772EBB0F, StartTime=2016.05.10-10.18.34, HierarchicalDDC=, DataSize=262403, Duration=8.568097, RunGuid=RunID412F78C9452894DFB916C58C634E9187
DDCTransactionId39DEA6B74302DA4B9B4D4E88D33156B7_8, PutCachedData=, CacheKey=TEXTURE_814DCC3DC72143F49509781513CB9855_BC5_9D79806F4FC0A8F037E5F6AFD2EE46E8___4F34334FA6A9D9F791DB345AD97BBCBD69A1192B, StartTime=2016.05.10-10.18.34, HierarchicalDDC=, DataSize=65795, Duration=28.840042, RunGuid=RunID412F78C9452894DFB916C58C634E9187
DDCTransactionId965DC8EE4B940FE4EAFB019CBE28EBCA_4, PutCachedData=, CacheKey=TEXTURE_814DCC3DC72143F49509781513CB9855_BC5_9D79806F4FC0A8F037E5F6AFD2EE46E8___F709916AAEE2E75162D4B5C090FCD68C14DACFED, StartTime=2016.05.10-10.18.34, HierarchicalDDC=, DataSize=16643, Duration=43.816765, RunGuid=RunID412F78C9452894DFB916C58C634E9187
DDCTransactionId1422E3194069F5187F77FCA03836D80A_5, PutCachedData=, CacheKey=TEXTURE_814DCC3DC72143F49509781513CB9855_BC5_9D79806F4FC0A8F037E5F6AFD2EE46E8___16038ABA287E49944BE289986A4BB06926AA464A, StartTime=2016.05.10-10.18.34, HierarchicalDDC=, DataSize=6882, Duration=6.982155, RunGuid=RunID412F78C9452894DFB916C58C634E9187
DDCTransactionIdB7CC6F574CB52F5D0BB940B8BEA59505_5, BuildTexture=, CacheKey=TEXTURE_814DCC3DC72143F49509781513CB9855_AutoDXT_B8E3BAF04D58BC1EA002089C38F6D1C4_07_0000803F0000803F0000803F000000000000803F00000000000000000000803F0000000000000000020000000E000000000000000101000000040000803FFFFFFFFF00000000FF00FF00FFFF8180803B, StartTime=2016.05.10-10.18.34, Duration=0.398640, RunGuid=RunID412F78C9452894DFB916C58C634E9187
DDCTransactionId1422E3194069F5187F77FCA03836D80A_6, PutCachedData=, CacheKey=TEXTURE_814DCC3DC72143F49509781513CB9855_AutoDXT_B8E3BAF04D58BC1EA002089C38F6D__2A4DB556325023F430005836676DCCE26500DABF, StartTime=2016.05.10-10.18.34, HierarchicalDDC=, DataSize=6014, Duration=4.553776, RunGuid=RunID412F78C9452894DFB916C58C634E9187
DDCTransactionIdB7CC6F574CB52F5D0BB940B8BEA59505_6, BuildTexture=, CacheKey=TEXTURE_814DCC3DC72143F49509781513CB9855_AutoDXT_9B3AEB024576EF272F220C80BBFC45BD_07_0000803F0000803F0000803F000000000000803F00000000000000000000803F0000000000000000020000000E000000000000000101000000040000803FFFFFFFFF00000000FF00FF00FFFF8180803B, StartTime=2016.05.10-10.18.34, Duration=95.603462, RunGuid=RunID412F78C9452894DFB916C58C634E9187
DDCTransactionId965DC8EE4B940FE4EAFB019CBE28EBCA_5, PutCachedData=, CacheKey=TEXTURE_814DCC3DC72143F49509781513CB9855_AutoDXT_9B3AEB024576EF272F220C80BBFC4__A8EA63678EC78BF5503385A222D907F7A19699EB, StartTime=2016.05.10-10.18.34, HierarchicalDDC=, DataSize=1048841, Duration=50.419167, RunGuid=RunID412F78C9452894DFB916C58C634E9187
DDCTransactionId39DEA6B74302DA4B9B4D4E88D33156B7_9, PutCachedData=, CacheKey=TEXTURE_814DCC3DC72143F49509781513CB9855_AutoDXT_9B3AEB024576EF272F220C80BBFC4__1B9BAC23740E549447059F2343E558D82D189C20, StartTime=2016.05.10-10.18.34, HierarchicalDDC=, DataSize=262407, Duration=142.693512, RunGuid=RunID412F78C9452894DFB916C58C634E9187
DDCTransactionId1422E3194069F5187F77FCA03836D80A_7, PutCachedData=, CacheKey=TEXTURE_814DCC3DC72143F49509781513CB9855_AutoDXT_9B3AEB024576EF272F220C80BBFC4__17E16E4C3FE25FEB3F946C476BE91417D42B58F4, StartTime=2016.05.10-10.18.34, HierarchicalDDC=, DataSize=65799, Duration=64.329704, RunGuid=RunID412F78C9452894DFB916C58C634E9187
DDCTransactionIdB7CC6F574CB52F5D0BB940B8BEA59505_7, BuildTexture=, CacheKey=TEXTURE_814DCC3DC72143F49509781513CB9855_AutoDXT_F239E4E14C2FC749BBA7FC9C97A9B9A0_07_0000803F0000803F0000803F000000000000803F00000000000000000000803F0000000000000000020000000E000000000000000101000000040000803FFFFFFFFF00000000FF00FF00FFFF8180803B, StartTime=2016.05.10-10.18.34, Duration=33.114239, RunGuid=RunID412F78C9452894DFB916C58C634E9187
DDCTransactionIdB7CC6F574CB52F5D0BB940B8BEA59505_8, BuildTexture=, CacheKey=TEXTURE_814DCC3DC72143F49509781513CB9855_AutoDXT_CFF4B0DE45B9254FFBC772A7F6547C9B_07_0000803F0000803F0000803F000000000000803F00000000000000000000803F0000000000000000020000000E000000000000000101000000040000803FFFFFFFFF00000000FF00FF00FFFF8180803B, StartTime=2016.05.10-10.18.34, Duration=67.577126, RunGuid=RunID412F78C9452894DFB916C58C634E9187
DDCTransactionId965DC8EE4B940FE4EAFB019CBE28EBCA_6, PutCachedData=, CacheKey=TEXTURE_814DCC3DC72143F49509781513CB9855_AutoDXT_9B3AEB024576EF272F220C80BBFC4__CA4DCAC02D610A483FBAEBD0BA731BF9A789BDAD, StartTime=2016.05.10-10.18.34, HierarchicalDDC=, DataSize=16647, Duration=4.081242, RunGuid=RunID412F78C9452894DFB916C58C634E9187
DDCTransactionId965DC8EE4B940FE4EAFB019CBE28EBCA_7, PutCachedData=, CacheKey=TEXTURE_814DCC3DC72143F49509781513CB9855_AutoDXT_9B3AEB024576EF272F220C80BBFC4__2CD7BF0DAC2EE0B6586BAC165E977C33DA1B2EFC, StartTime=2016.05.10-10.18.34, HierarchicalDDC=, DataSize=7196, Duration=3.400553, RunGuid=RunID412F78C9452894DFB916C58C634E9187
DDCTransactionId965DC8EE4B940FE4EAFB019CBE28EBCA_8, PutCachedData=, CacheKey=TEXTURE_814DCC3DC72143F49509781513CB9855_AutoDXT_F239E4E14C2FC749BBA7FC9C97A9B__187CE1614B748B2CAD64C06EDD4E131A3ABD2F5D, StartTime=2016.05.10-10.18.34, HierarchicalDDC=, DataSize=262407, Duration=79.209122, RunGuid=RunID412F78C9452894DFB916C58C634E9187
DDCTransactionId1422E3194069F5187F77FCA03836D80A_8, PutCachedData=, CacheKey=TEXTURE_814DCC3DC72143F49509781513CB9855_AutoDXT_F239E4E14C2FC749BBA7FC9C97A9B__F7FC1E883215648A0D529B423E38BFA10D201146, StartTime=2016.05.10-10.18.34, HierarchicalDDC=, DataSize=65799, Duration=126.873528, RunGuid=RunID412F78C9452894DFB916C58C634E9187
DDCTransactionIdB7CC6F574CB52F5D0BB940B8BEA59505_9, BuildTexture=, CacheKey=TEXTURE_814DCC3DC72143F49509781513CB9855_AutoDXT_DECDE4A64790375A2A2DD0AFC2AE2651_07_0000803F0000803F0000803F000000000000803F00000000000000000000803F0000000000000000020000000E000000000000000101000000040000803FFFFFFFFF00000000FF00FF00FFFF8180803B, StartTime=2016.05.10-10.18.34, Duration=26.439167, RunGuid=RunID412F78C9452894DFB916C58C634E9187
DDCTransactionId965DC8EE4B940FE4EAFB019CBE28EBCA_9, PutCachedData=, CacheKey=TEXTURE_814DCC3DC72143F49509781513CB9855_AutoDXT_F239E4E14C2FC749BBA7FC9C97A9B__8137E5193F3444EEE59E619890A7B2FA8C5A1FB1, StartTime=2016.05.10-10.18.34, HierarchicalDDC=, DataSize=16647, Duration=3.157921, RunGuid=RunID412F78C9452894DFB916C58C634E9187
DDCTransactionId965DC8EE4B940FE4EAFB019CBE28EBCA_10, PutCachedData=, CacheKey=TEXTURE_814DCC3DC72143F49509781513CB9855_AutoDXT_F239E4E14C2FC749BBA7FC9C97A9B__50B5B12668A056447632D8476737DF995AE890A4, StartTime=2016.05.10-10.18.34, HierarchicalDDC=, DataSize=6899, Duration=2.162345, RunGuid=RunID412F78C9452894DFB916C58C634E9187
DDCTransactionId965DC8EE4B940FE4EAFB019CBE28EBCA_11, PutCachedData=, CacheKey=TEXTURE_814DCC3DC72143F49509781513CB9855_AutoDXT_CFF4B0DE45B9254FFBC772A7F6547__61E204C13EA4A847FC2330BABCF63B204FEAB920, StartTime=2016.05.10-10.18.34, HierarchicalDDC=, DataSize=262407, Duration=181.628876, RunGuid=RunID412F78C9452894DFB916C58C634E9187
DDCTransactionId39DEA6B74302DA4B9B4D4E88D33156B7_10, PutCachedData=, CacheKey=TEXTURE_814DCC3DC72143F49509781513CB9855_AutoDXT_CFF4B0DE45B9254FFBC772A7F6547__3228B98260323CCA0458F37D3A07F0BFC47578A0, StartTime=2016.05.10-10.18.34, HierarchicalDDC=, DataSize=65799, Duration=48.603733, RunGuid=RunID412F78C9452894DFB916C58C634E9187
DDCTransactionIdB7CC6F574CB52F5D0BB940B8BEA59505_10, BuildTexture=, CacheKey=TEXTURE_814DCC3DC72143F49509781513CB9855_AutoDXT_62C89110425343D0325D6B8B874BB4EC_07_0000803F0000803F0000803F000000000000803F00000000000000000000803F0000000000000000020000000E000000000000000101000000040000803FFFFFFFFF00000000FF00FF00FFFF8180803B, StartTime=2016.05.10-10.18.34, Duration=53.954792, RunGuid=RunID412F78C9452894DFB916C58C634E9187
DDCTransactionId39DEA6B74302DA4B9B4D4E88D33156B7_11, PutCachedData=, CacheKey=TEXTURE_814DCC3DC72143F49509781513CB9855_AutoDXT_CFF4B0DE45B9254FFBC772A7F6547__36D425512F2815C6B836BABD09908BFBDC5C0D60, StartTime=2016.05.10-10.18.34, HierarchicalDDC=, DataSize=16647, Duration=17.240473, RunGuid=RunID412F78C9452894DFB916C58C634E9187
DDCTransactionId1422E3194069F5187F77FCA03836D80A_9, PutCachedData=, CacheKey=TEXTURE_814DCC3DC72143F49509781513CB9855_AutoDXT_CFF4B0DE45B9254FFBC772A7F6547__5C30A1F054F35F4A03272FBAFA45F881ACB51CFA, StartTime=2016.05.10-10.18.34, HierarchicalDDC=, DataSize=6899, Duration=2.098300, RunGuid=RunID412F78C9452894DFB916C58C634E9187
DDCTransactionId1422E3194069F5187F77FCA03836D80A_10, PutCachedData=, CacheKey=TEXTURE_814DCC3DC72143F49509781513CB9855_AutoDXT_DECDE4A64790375A2A2DD0AFC2AE2__8C6E6D3CFB06F70E09371A0D6A6E77F248E22697, StartTime=2016.05.10-10.18.34, HierarchicalDDC=, DataSize=262407, Duration=14.882710, RunGuid=RunID412F78C9452894DFB916C58C634E9187
DDCTransactionIdB7CC6F574CB52F5D0BB940B8BEA59505_11, BuildTexture=, CacheKey=TEXTURE_814DCC3DC72143F49509781513CB9855_DXT1_86C9E1484A12FD1711776AA97A83B959_07_0000803F0000803F0000803F000000000000803F00000000000000000000803F0000000000000000020000000E000000000000000101000000040000803FFFFFFFFF00000000FF00FF00FFFF8180803B, StartTime=2016.05.10-10.18.34, Duration=3.974497, RunGuid=RunID412F78C9452894DFB916C58C634E9187
DDCTransactionId39DEA6B74302DA4B9B4D4E88D33156B7_12, PutCachedData=, CacheKey=TEXTURE_814DCC3DC72143F49509781513CB9855_AutoDXT_DECDE4A64790375A2A2DD0AFC2AE2__3DCF4C69587E20BEA81709BCC5DF724131306CE8, StartTime=2016.05.10-10.18.34, HierarchicalDDC=, DataSize=65799, Duration=310.986206, RunGuid=RunID412F78C9452894DFB916C58C634E9187
DDCTransactionId1422E3194069F5187F77FCA03836D80A_11, PutCachedData=, CacheKey=TEXTURE_814DCC3DC72143F49509781513CB9855_AutoDXT_DECDE4A64790375A2A2DD0AFC2AE2__943740F67A502D0BB261E020202BAB6CC18E0F8A, StartTime=2016.05.10-10.18.34, HierarchicalDDC=, DataSize=16647, Duration=182.353912, RunGuid=RunID412F78C9452894DFB916C58C634E9187
DDCTransactionIdB7CC6F574CB52F5D0BB940B8BEA59505_12, BuildTexture=, CacheKey=TEXTURE_814DCC3DC72143F49509781513CB9855_DXT1_90483B76411DC60B467DA9B91585FAED_07_0000803F0000803F0000803F000000000000803F00000000000000000000803F0000000000000000020000000E000000000000000101000000040000803FFFFFFFFF00000000FF00FF00FFFF8180803B, StartTime=2016.05.10-10.18.34, Duration=64.976723, RunGuid=RunID412F78C9452894DFB916C58C634E9187
DDCTransactionIdB7CC6F574CB52F5D0BB940B8BEA59505_13, BuildTexture=, CacheKey=TEXTURE_814DCC3DC72143F49509781513CB9855_DXT1_CD7A0FC94253B82568EC86B0535573D1_07_0000803F0000803F0000803F000000000000803F00000000000000000000803F0000000000000000020000000E000000000000000101000000040000803FFFFFFFFF00000000FF00FF00FFFF8180803B, StartTime=2016.05.10-10.18.35, Duration=17.871481, RunGuid=RunID412F78C9452894DFB916C58C634E9187
DDCTransactionIdB7CC6F574CB52F5D0BB940B8BEA59505_14, BuildTexture=, CacheKey=TEXTURE_814DCC3DC72143F49509781513CB9855_DXT1_F041F4184ED0209AEB34FCBDBC9E248D_07_0000803F0000803F0000803F000000000000803F00000000000000000000803F0000000000000000020000000E000000000000000101000000040000803FFFFFFFFF00000000FF00FF00FFFF8180803B, StartTime=2016.05.10-10.18.35, Duration=29.748171, RunGuid=RunID412F78C9452894DFB916C58C634E9187
DDCTransactionId965DC8EE4B940FE4EAFB019CBE28EBCA_12, PutCachedData=, CacheKey=TEXTURE_814DCC3DC72143F49509781513CB9855_AutoDXT_DECDE4A64790375A2A2DD0AFC2AE2__3B04CB9D7073014253173CB028D206D8D819945D, StartTime=2016.05.10-10.18.35, HierarchicalDDC=, DataSize=6899, Duration=2.060942, RunGuid=RunID412F78C9452894DFB916C58C634E9187
DDCTransactionId965DC8EE4B940FE4EAFB019CBE28EBCA_13, PutCachedData=, CacheKey=TEXTURE_814DCC3DC72143F49509781513CB9855_AutoDXT_62C89110425343D0325D6B8B874BB__C2854B15C7188AEF45D6DDB858658DEFD62A7635, StartTime=2016.05.10-10.18.35, HierarchicalDDC=, DataSize=262407, Duration=2.441931, RunGuid=RunID412F78C9452894DFB916C58C634E9187
DDCTransactionId965DC8EE4B940FE4EAFB019CBE28EBCA_14, PutCachedData=, CacheKey=TEXTURE_814DCC3DC72143F49509781513CB9855_AutoDXT_62C89110425343D0325D6B8B874BB__052C6994518320045F493AF468146DC8F5BC4113, StartTime=2016.05.10-10.18.35, HierarchicalDDC=, DataSize=65799, Duration=2.285510, RunGuid=RunID412F78C9452894DFB916C58C634E9187
DDCTransactionId965DC8EE4B940FE4EAFB019CBE28EBCA_15, PutCachedData=, CacheKey=TEXTURE_814DCC3DC72143F49509781513CB9855_AutoDXT_62C89110425343D0325D6B8B874BB__F211B20612190E016C22881E00FB79E2818D3F45, StartTime=2016.05.10-10.18.35, HierarchicalDDC=, DataSize=16647, Duration=4.165400, RunGuid=RunID412F78C9452894DFB916C58C634E9187
DDCTransactionId965DC8EE4B940FE4EAFB019CBE28EBCA_16, PutCachedData=, CacheKey=TEXTURE_814DCC3DC72143F49509781513CB9855_AutoDXT_62C89110425343D0325D6B8B874BB__6214F897619850E95963AF3971554DD61DACC5B2, StartTime=2016.05.10-10.18.35, HierarchicalDDC=, DataSize=6899, Duration=2.313428, RunGuid=RunID412F78C9452894DFB916C58C634E9187
DDCTransactionId965DC8EE4B940FE4EAFB019CBE28EBCA_17, PutCachedData=, CacheKey=TEXTURE_814DCC3DC72143F49509781513CB9855_DXT1_86C9E1484A12FD1711776AA97A83B959__842965B25991832FD1AC8D22D1DB74BE1D62BAF8, StartTime=2016.05.10-10.18.35, HierarchicalDDC=, DataSize=3267, Duration=70.316284, RunGuid=RunID412F78C9452894DFB916C58C634E9187
DDCTransactionIdB7CC6F574CB52F5D0BB940B8BEA59505_15, BuildTexture=, CacheKey=TEXTURE_814DCC3DC72143F49509781513CB9855_DXT1_381AB8334A9963D3F78F45BE62450D64_07_0000803F0000803F0000803F000000000000803F00000000000000000000803F0000000000000000020000000E000000000000000101000000040000803FFFFFFFFF00000000FF00FF00FFFF8180803B, StartTime=2016.05.10-10.18.35, Duration=14.784586, RunGuid=RunID412F78C9452894DFB916C58C634E9187
DDCTransactionIdB7CC6F574CB52F5D0BB940B8BEA59505_16, BuildTexture=, CacheKey=TEXTURE_814DCC3DC72143F49509781513CB9855_DXT1_1A8A763247831C7EEABE3895419102DE_07_0000803F0000803F0000803F000000000000803F00000000000000000000803F0000000000000000020000000E000000000000000101000000040000803FFFFFFFFF00000000FF00FF00FFFF8180803B, StartTime=2016.05.10-10.18.35, Duration=22.245853, RunGuid=RunID412F78C9452894DFB916C58C634E9187
DDCTransactionIdB7CC6F574CB52F5D0BB940B8BEA59505_17, BuildTexture=, CacheKey=TEXTURE_814DCC3DC72143F49509781513CB9855_AutoDXT_ECA58EDB45DB2341B6ED948374E2DF20_07_0000803F0000803F0000803F000000000000803F00000000000000000000803F0000000000000000020000000E000000000000000101000000040000803FFFFFFFFF00000000FF00FF00FFFF8180803B, StartTime=2016.05.10-10.18.35, Duration=51.454155, RunGuid=RunID412F78C9452894DFB916C58C634E9187
DDCTransactionId1422E3194069F5187F77FCA03836D80A_12, PutCachedData=, CacheKey=TEXTURE_814DCC3DC72143F49509781513CB9855_DXT1_90483B76411DC60B467DA9B91585FAED__A9F2983BD35EB30CE55C67AFE23472ECCCFBB6E9, StartTime=2016.05.10-10.18.35, HierarchicalDDC=, DataSize=524550, Duration=10.401595, RunGuid=RunID412F78C9452894DFB916C58C634E9187
DDCTransactionId1422E3194069F5187F77FCA03836D80A_13, PutCachedData=, CacheKey=TEXTURE_814DCC3DC72143F49509781513CB9855_DXT1_90483B76411DC60B467DA9B91585FAED__D708E03BA70D053CAAD83A358F83C8E32C408E0F, StartTime=2016.05.10-10.18.35, HierarchicalDDC=, DataSize=131332, Duration=31.076700, RunGuid=RunID412F78C9452894DFB916C58C634E9187
DDCTransactionId965DC8EE4B940FE4EAFB019CBE28EBCA_18, PutCachedData=, CacheKey=TEXTURE_814DCC3DC72143F49509781513CB9855_DXT1_90483B76411DC60B467DA9B91585FAED__189BBA188F1633DD61F9CFB6D51C924F4F252351, StartTime=2016.05.10-10.18.35, HierarchicalDDC=, DataSize=33028, Duration=3.125899, RunGuid=RunID412F78C9452894DFB916C58C634E9187
DDCTransactionId965DC8EE4B940FE4EAFB019CBE28EBCA_19, PutCachedData=, CacheKey=TEXTURE_814DCC3DC72143F49509781513CB9855_DXT1_90483B76411DC60B467DA9B91585FAED__01B25A75C2F5D6E6DBD3B695FA91D681171613DD, StartTime=2016.05.10-10.18.35, HierarchicalDDC=, DataSize=8452, Duration=62.168587, RunGuid=RunID412F78C9452894DFB916C58C634E9187
DDCTransactionId1422E3194069F5187F77FCA03836D80A_14, PutCachedData=, CacheKey=TEXTURE_814DCC3DC72143F49509781513CB9855_DXT1_90483B76411DC60B467DA9B91585FAED__BA3176000EF274DB63D4F063B58CF58DB3AA26D1, StartTime=2016.05.10-10.18.35, HierarchicalDDC=, DataSize=4437, Duration=6.782636, RunGuid=RunID412F78C9452894DFB916C58C634E9187
DDCTransactionId1422E3194069F5187F77FCA03836D80A_15, PutCachedData=, CacheKey=TEXTURE_814DCC3DC72143F49509781513CB9855_DXT1_CD7A0FC94253B82568EC86B0535573D1__942FC60F092646EE325D5CC665E07CE849457912, StartTime=2016.05.10-10.18.35, HierarchicalDDC=, DataSize=131332, Duration=72.139107, RunGuid=RunID412F78C9452894DFB916C58C634E9187
DDCTransactionIdB7CC6F574CB52F5D0BB940B8BEA59505_18, BuildTexture=, CacheKey=TEXTURE_814DCC3DC72143F49509781513CB9855_AutoDXT_385AD6ED4699EA6D6C36779136DFA819_07_0000803F0000803F0000803F000000000000803F00000000000000000000803F0000000000000000020000000E000000000000000101000000040000803FFFFFFFFF00000000FF00FF00FFFF8180803B, StartTime=2016.05.10-10.18.35, Duration=13.827603, RunGuid=RunID412F78C9452894DFB916C58C634E9187
DDCTransactionIdB7CC6F574CB52F5D0BB940B8BEA59505_19, BuildTexture=, CacheKey=TEXTURE_814DCC3DC72143F49509781513CB9855_AutoDXT_9B780B224B0ED39E31EB78A71E803537_07_0000803F0000803F0000803F000000000000803F00000000000000000000803F0000000000000000020000000E000000000000000101000000040000803FFFFFFFFF00000000FF00FF00FFFF8180803B, StartTime=2016.05.10-10.18.35, Duration=28.034964, RunGuid=RunID412F78C9452894DFB916C58C634E9187
DDCTransactionId965DC8EE4B940FE4EAFB019CBE28EBCA_20, PutCachedData=, CacheKey=TEXTURE_814DCC3DC72143F49509781513CB9855_DXT1_CD7A0FC94253B82568EC86B0535573D1__38D9EC4555E15B982C9EE9F0EEA9E96D26B6FF0D, StartTime=2016.05.10-10.18.35, HierarchicalDDC=, DataSize=33028, Duration=24.513710, RunGuid=RunID412F78C9452894DFB916C58C634E9187
DDCTransactionIdB7CC6F574CB52F5D0BB940B8BEA59505_20, BuildTexture=, CacheKey=TEXTURE_814DCC3DC72143F49509781513CB9855_AutoDXT_B78DD35F456640F4EF7797857575A5EC_07_0000803F0000803F0000803F000000000000803F00000000000000000000803F0000000000000000020000000E000000000000000101000000040000803FFFFFFFFF00000000FF00FF00FFFF8180803B, StartTime=2016.05.10-10.18.35, Duration=17.635010, RunGuid=RunID412F78C9452894DFB916C58C634E9187
DDCTransactionId965DC8EE4B940FE4EAFB019CBE28EBCA_21, PutCachedData=, CacheKey=TEXTURE_814DCC3DC72143F49509781513CB9855_DXT1_CD7A0FC94253B82568EC86B0535573D1__2CA95ED82178C800261BF450C2265E144CD4F8BB, StartTime=2016.05.10-10.18.35, HierarchicalDDC=, DataSize=8452, Duration=4.013501, RunGuid=RunID412F78C9452894DFB916C58C634E9187
DDCTransactionId965DC8EE4B940FE4EAFB019CBE28EBCA_22, PutCachedData=, CacheKey=TEXTURE_814DCC3DC72143F49509781513CB9855_DXT1_CD7A0FC94253B82568EC86B0535573D1__C3ABDFC84A66B0D0EC5B26A7A612798F325FFED8, StartTime=2016.05.10-10.18.35, HierarchicalDDC=, DataSize=4143, Duration=9.101809, RunGuid=RunID412F78C9452894DFB916C58C634E9187
DDCTransactionIdB7CC6F574CB52F5D0BB940B8BEA59505_21, BuildTexture=, CacheKey=TEXTURE_814DCC3DC72143F49509781513CB9855_AutoDXT_DCE38BEB472B44003348FDB2485BD9CF_07_0000803F0000803F0000803F000000000000803F00000000000000000000803F0000000000000000020000000E000000000000000101000000040000803FFFFFFFFF00000000FF00FF00FFFF8180803B, StartTime=2016.05.10-10.18.35, Duration=28.362165, RunGuid=RunID412F78C9452894DFB916C58C634E9187
DDCTransactionId965DC8EE4B940FE4EAFB019CBE28EBCA_23, PutCachedData=, CacheKey=TEXTURE_814DCC3DC72143F49509781513CB9855_DXT1_F041F4184ED0209AEB34FCBDBC9E248D__77732CC234AEDEB91B5E9AF68952BCA2106ED913, StartTime=2016.05.10-10.18.35, HierarchicalDDC=, DataSize=131332, Duration=2.407029, RunGuid=RunID412F78C9452894DFB916C58C634E9187
DDCTransactionId1422E3194069F5187F77FCA03836D80A_16, PutCachedData=, CacheKey=TEXTURE_814DCC3DC72143F49509781513CB9855_DXT1_F041F4184ED0209AEB34FCBDBC9E248D__97ACB80FF3CAE4DE1F8797169907D8D102913EE5, StartTime=2016.05.10-10.18.35, HierarchicalDDC=, DataSize=33028, Duration=7.306077, RunGuid=RunID412F78C9452894DFB916C58C634E9187
DDCTransactionId965DC8EE4B940FE4EAFB019CBE28EBCA_24, PutCachedData=, CacheKey=TEXTURE_814DCC3DC72143F49509781513CB9855_DXT1_F041F4184ED0209AEB34FCBDBC9E248D__AE45A0C991F51AA629AB72EA3ED1A5D25904920B, StartTime=2016.05.10-10.18.35, HierarchicalDDC=, DataSize=8452, Duration=2.462868, RunGuid=RunID412F78C9452894DFB916C58C634E9187
DDCTransactionId965DC8EE4B940FE4EAFB019CBE28EBCA_25, PutCachedData=, CacheKey=TEXTURE_814DCC3DC72143F49509781513CB9855_DXT1_F041F4184ED0209AEB34FCBDBC9E248D__F89A820CCA94753E821EA66142187153EE4BEA98, StartTime=2016.05.10-10.18.35, HierarchicalDDC=, DataSize=4143, Duration=3.076222, RunGuid=RunID412F78C9452894DFB916C58C634E9187
DDCTransactionId39DEA6B74302DA4B9B4D4E88D33156B7_13, PutCachedData=, CacheKey=TEXTURE_814DCC3DC72143F49509781513CB9855_DXT1_381AB8334A9963D3F78F45BE62450D64__C414DAF1DBEA28CE58D44071B9ED0D7B86551ED2, StartTime=2016.05.10-10.18.35, HierarchicalDDC=, DataSize=131332, Duration=27.780016, RunGuid=RunID412F78C9452894DFB916C58C634E9187
DDCTransactionId1422E3194069F5187F77FCA03836D80A_17, PutCachedData=, CacheKey=TEXTURE_814DCC3DC72143F49509781513CB9855_DXT1_381AB8334A9963D3F78F45BE62450D64__2620814E3FBB6B572B1D7C91720624E5D0F6B44B, StartTime=2016.05.10-10.18.35, HierarchicalDDC=, DataSize=33028, Duration=17.267157, RunGuid=RunID412F78C9452894DFB916C58C634E9187
DDCTransactionId965DC8EE4B940FE4EAFB019CBE28EBCA_26, PutCachedData=, CacheKey=TEXTURE_814DCC3DC72143F49509781513CB9855_DXT1_381AB8334A9963D3F78F45BE62450D64__162C68EDB41520AD522495FCDD3F40D7461594CA, StartTime=2016.05.10-10.18.35, HierarchicalDDC=, DataSize=8452, Duration=27.660545, RunGuid=RunID412F78C9452894DFB916C58C634E9187
DDCTransactionIdB7CC6F574CB52F5D0BB940B8BEA59505_22, BuildTexture=, CacheKey=TEXTURE_814DCC3DC72143F49509781513CB9855_AutoDXT_9CA124C1437DB0658C52AE9AE7BEC5CF_07_0000803F0000803F0000803F000000000000803F00000000000000000000803F0000000000000000020000000E000000000000000101000000040000803FFFFFFFFF00000000FF00FF00FFFF8180803B, StartTime=2016.05.10-10.18.35, Duration=2.337240, RunGuid=RunID412F78C9452894DFB916C58C634E9187
DDCTransactionId1422E3194069F5187F77FCA03836D80A_18, PutCachedData=, CacheKey=TEXTURE_814DCC3DC72143F49509781513CB9855_DXT1_381AB8334A9963D3F78F45BE62450D64__D857FD48DDBAF5E6051334F43CC57FBBC707C936, StartTime=2016.05.10-10.18.35, HierarchicalDDC=, DataSize=4143, Duration=11.682499, RunGuid=RunID412F78C9452894DFB916C58C634E9187
DDCTransactionIdB7CC6F574CB52F5D0BB940B8BEA59505_23, BuildTexture=, CacheKey=TEXTURE_814DCC3DC72143F49509781513CB9855_G8_0671781B4C1C0121519E72812347647B_07_0000803F0000803F0000803F000000000000803F00000000000000000000803F0000000000000000020000000E000000000000000101000000040000803FFFFFFFFF00000000FF00FF00FFFF8180803B, StartTime=2016.05.10-10.18.35, Duration=3.967926, RunGuid=RunID412F78C9452894DFB916C58C634E9187
DDCTransactionIdB7CC6F574CB52F5D0BB940B8BEA59505_24, BuildTexture=, CacheKey=TEXTURE_814DCC3DC72143F49509781513CB9855_G8_9F9BEDA4480C97153F279690F1C42145_07_0000803F0000803F0000803F000000000000803F00000000000000000000803F0000000000000000020000000E000000000000000101000000040000803FFFFFFFFF00000000FF00FF00FFFF8180803B, StartTime=2016.05.10-10.18.35, Duration=5.283319, RunGuid=RunID412F78C9452894DFB916C58C634E9187
DDCTransactionId39DEA6B74302DA4B9B4D4E88D33156B7_14, PutCachedData=, CacheKey=TEXTURE_814DCC3DC72143F49509781513CB9855_DXT1_1A8A763247831C7EEABE3895419102DE__E7BFC72E20A0181A8781552EDDCE3EB3D80D15CA, StartTime=2016.05.10-10.18.35, HierarchicalDDC=, DataSize=131332, Duration=81.485603, RunGuid=RunID412F78C9452894DFB916C58C634E9187
DDCTransactionId965DC8EE4B940FE4EAFB019CBE28EBCA_27, PutCachedData=, CacheKey=TEXTURE_814DCC3DC72143F49509781513CB9855_DXT1_1A8A763247831C7EEABE3895419102DE__8B96F8FB96A06886AAB510D16C353153C7ADA1B9, StartTime=2016.05.10-10.18.35, HierarchicalDDC=, DataSize=33028, Duration=16.362726, RunGuid=RunID412F78C9452894DFB916C58C634E9187
DDCTransactionIdB7CC6F574CB52F5D0BB940B8BEA59505_25, BuildTexture=, CacheKey=TEXTURE_814DCC3DC72143F49509781513CB9855_G8_C296C30843D39D9B4FD7E29234E3C726_07_0000803F0000803F0000803F000000000000803F00000000000000000000803F0000000000000000020000000E000000000000000101000000040000803FFFFFFFFF00000000FF00FF00FFFF8180803B, StartTime=2016.05.10-10.18.35, Duration=0.431072, RunGuid=RunID412F78C9452894DFB916C58C634E9187
DDCTransactionId1422E3194069F5187F77FCA03836D80A_19, PutCachedData=, CacheKey=TEXTURE_814DCC3DC72143F49509781513CB9855_DXT1_1A8A763247831C7EEABE3895419102DE__AA10026FF8A97F67D796DCF5BB1B0F162330E83D, StartTime=2016.05.10-10.18.35, HierarchicalDDC=, DataSize=8452, Duration=72.846481, RunGuid=RunID412F78C9452894DFB916C58C634E9187
DDCTransactionIdB7CC6F574CB52F5D0BB940B8BEA59505_26, BuildTexture=, CacheKey=TEXTURE_814DCC3DC72143F49509781513CB9855_G8_C7D4CA0640D34A5DA0633D8F8A670C28_07_0000803F0000803F0000803F000000000000803F00000000000000000000803F0000000000000000020000000E000000000000000101000000040000803FFFFFFFFF00000000FF00FF00FFFF8180803B, StartTime=2016.05.10-10.18.35, Duration=23.122780, RunGuid=RunID412F78C9452894DFB916C58C634E9187
DDCTransactionId965DC8EE4B940FE4EAFB019CBE28EBCA_28, PutCachedData=, CacheKey=TEXTURE_814DCC3DC72143F49509781513CB9855_DXT1_1A8A763247831C7EEABE3895419102DE__B857EF66AFE0A26E4344EBE548B4BB1A4256D108, StartTime=2016.05.10-10.18.35, HierarchicalDDC=, DataSize=4143, Duration=5.385544, RunGuid=RunID412F78C9452894DFB916C58C634E9187
DDCTransactionId965DC8EE4B940FE4EAFB019CBE28EBCA_29, PutCachedData=, CacheKey=TEXTURE_814DCC3DC72143F49509781513CB9855_AutoDXT_ECA58EDB45DB2341B6ED948374E2D__7B10777EB6FE7726EF4D65AF5A359D98F4CD309A, StartTime=2016.05.10-10.18.35, HierarchicalDDC=, DataSize=524552, Duration=3.306948, RunGuid=RunID412F78C9452894DFB916C58C634E9187
DDCTransactionId965DC8EE4B940FE4EAFB019CBE28EBCA_30, PutCachedData=, CacheKey=TEXTURE_814DCC3DC72143F49509781513CB9855_AutoDXT_ECA58EDB45DB2341B6ED948374E2D__25965A1155C10A04712ED409DEBFB1DA833B3071, StartTime=2016.05.10-10.18.35, HierarchicalDDC=, DataSize=131335, Duration=33.478806, RunGuid=RunID412F78C9452894DFB916C58C634E9187
DDCTransactionIdB7CC6F574CB52F5D0BB940B8BEA59505_27, BuildTexture=, CacheKey=TEXTURE_814DCC3DC72143F49509781513CB9855_G8_0319917C43A7066F873369A1A479F40F_07_0000803F0000803F0000803F000000000000803F00000000000000000000803F0000000000000000020000000E000000000000000101000000040000803FFFFFFFFF00000000FF00FF00FFFF8180803B, StartTime=2016.05.10-10.18.35, Duration=3.854618, RunGuid=RunID412F78C9452894DFB916C58C634E9187
DDCTransactionIdB7CC6F574CB52F5D0BB940B8BEA59505_28, BuildTexture=, CacheKey=TEXTURE_814DCC3DC72143F49509781513CB9855_G8_388A327E470B35583E8BD9923A8572F7_07_0000803F0000803F0000803F000000000000803F00000000000000000000803F0000000000000000020000000E000000000000000101000000040000803FFFFFFFFF00000000FF00FF00FFFF8180803B, StartTime=2016.05.10-10.18.35, Duration=5.069424, RunGuid=RunID412F78C9452894DFB916C58C634E9187
DDCTransactionId965DC8EE4B940FE4EAFB019CBE28EBCA_31, PutCachedData=, CacheKey=TEXTURE_814DCC3DC72143F49509781513CB9855_AutoDXT_ECA58EDB45DB2341B6ED948374E2D__80D7C091209A3B1C42EDE83ED4C8622CCD1D3AD6, StartTime=2016.05.10-10.18.35, HierarchicalDDC=, DataSize=33031, Duration=200.185150, RunGuid=RunID412F78C9452894DFB916C58C634E9187
DDCTransactionId1422E3194069F5187F77FCA03836D80A_20, PutCachedData=, CacheKey=TEXTURE_814DCC3DC72143F49509781513CB9855_AutoDXT_ECA58EDB45DB2341B6ED948374E2D__76A7174B30C8EA9A8B85634FFA11E9C84E07FD38, StartTime=2016.05.10-10.18.35, HierarchicalDDC=, DataSize=8454, Duration=70.833984, RunGuid=RunID412F78C9452894DFB916C58C634E9187
DDCTransactionId39DEA6B74302DA4B9B4D4E88D33156B7_15, PutCachedData=, CacheKey=TEXTURE_814DCC3DC72143F49509781513CB9855_AutoDXT_ECA58EDB45DB2341B6ED948374E2D__D3626583A0E3B645956A97CD2B755F62E6C93B4F, StartTime=2016.05.10-10.18.35, HierarchicalDDC=, DataSize=4474, Duration=2.596702, RunGuid=RunID412F78C9452894DFB916C58C634E9187
DDCTransactionId39DEA6B74302DA4B9B4D4E88D33156B7_16, PutCachedData=, CacheKey=TEXTURE_814DCC3DC72143F49509781513CB9855_AutoDXT_385AD6ED4699EA6D6C36779136DFA__4F4518D67FB7872D0C7E3698FC540CF28E116F34, StartTime=2016.05.10-10.18.35, HierarchicalDDC=, DataSize=131335, Duration=69.877411, RunGuid=RunID412F78C9452894DFB916C58C634E9187
DDCTransactionId1422E3194069F5187F77FCA03836D80A_21, PutCachedData=, CacheKey=TEXTURE_814DCC3DC72143F49509781513CB9855_AutoDXT_385AD6ED4699EA6D6C36779136DFA__94577975724D83673521FBF4C50BCFACFE0AF55A, StartTime=2016.05.10-10.18.35, HierarchicalDDC=, DataSize=33031, Duration=10.618776, RunGuid=RunID412F78C9452894DFB916C58C634E9187
DDCTransactionId39DEA6B74302DA4B9B4D4E88D33156B7_17, PutCachedData=, CacheKey=TEXTURE_814DCC3DC72143F49509781513CB9855_AutoDXT_385AD6ED4699EA6D6C36779136DFA__1BD68D4F69A2E9F58A06477FF65422E9F7BD84D0, StartTime=2016.05.10-10.18.35, HierarchicalDDC=, DataSize=8454, Duration=46.183975, RunGuid=RunID412F78C9452894DFB916C58C634E9187
DDCTransactionId1422E3194069F5187F77FCA03836D80A_22, PutCachedData=, CacheKey=TEXTURE_814DCC3DC72143F49509781513CB9855_AutoDXT_385AD6ED4699EA6D6C36779136DFA__AD09EDBF87583857A542ACC017B6AD36C488D9A0, StartTime=2016.05.10-10.18.35, HierarchicalDDC=, DataSize=4178, Duration=5.114172, RunGuid=RunID412F78C9452894DFB916C58C634E9187
DDCTransactionId1422E3194069F5187F77FCA03836D80A_23, PutCachedData=, CacheKey=TEXTURE_814DCC3DC72143F49509781513CB9855_AutoDXT_9B780B224B0ED39E31EB78A71E803__7741D0A6DE6D9CDC2123E0D5AE2A5E691432B6FF, StartTime=2016.05.10-10.18.35, HierarchicalDDC=, DataSize=131335, Duration=1.750570, RunGuid=RunID412F78C9452894DFB916C58C634E9187
DDCTransactionId1422E3194069F5187F77FCA03836D80A_24, PutCachedData=, CacheKey=TEXTURE_814DCC3DC72143F49509781513CB9855_AutoDXT_9B780B224B0ED39E31EB78A71E803__249AAA9DB792F2E5DE5F9F506CDEF7A419C67560, StartTime=2016.05.10-10.18.35, HierarchicalDDC=, DataSize=33031, Duration=111.337227, RunGuid=RunID412F78C9452894DFB916C58C634E9187
DDCTransactionId39DEA6B74302DA4B9B4D4E88D33156B7_18, PutCachedData=, CacheKey=TEXTURE_814DCC3DC72143F49509781513CB9855_AutoDXT_9B780B224B0ED39E31EB78A71E803__9180D71589A07C69A334F1D08387B33D3E8D46F6, StartTime=2016.05.10-10.18.35, HierarchicalDDC=, DataSize=8454, Duration=81.020042, RunGuid=RunID412F78C9452894DFB916C58C634E9187
DDCTransactionId965DC8EE4B940FE4EAFB019CBE28EBCA_32, PutCachedData=, CacheKey=TEXTURE_814DCC3DC72143F49509781513CB9855_AutoDXT_9B780B224B0ED39E31EB78A71E803__656AEE9AAB502D5C24B4857B18AC8D9E0A5F695E, StartTime=2016.05.10-10.18.35, HierarchicalDDC=, DataSize=4178, Duration=1.894671, RunGuid=RunID412F78C9452894DFB916C58C634E9187
DDCTransactionId1422E3194069F5187F77FCA03836D80A_25, PutCachedData=, CacheKey=TEXTURE_814DCC3DC72143F49509781513CB9855_AutoDXT_B78DD35F456640F4EF7797857575A__93E87FD33083BB988934BF079A713895C9E36C5E, StartTime=2016.05.10-10.18.35, HierarchicalDDC=, DataSize=131335, Duration=35.286438, RunGuid=RunID412F78C9452894DFB916C58C634E9187
DDCTransactionId39DEA6B74302DA4B9B4D4E88D33156B7_19, PutCachedData=, CacheKey=TEXTURE_814DCC3DC72143F49509781513CB9855_AutoDXT_B78DD35F456640F4EF7797857575A__1FE4D6DBC6847DB635F4A0F439D7C504357BE5E6, StartTime=2016.05.10-10.18.35, HierarchicalDDC=, DataSize=33031, Duration=50.429020, RunGuid=RunID412F78C9452894DFB916C58C634E9187
DDCTransactionId965DC8EE4B940FE4EAFB019CBE28EBCA_33, PutCachedData=, CacheKey=TEXTURE_814DCC3DC72143F49509781513CB9855_AutoDXT_B78DD35F456640F4EF7797857575A__24F32D14146A585733CF11358ACF0CCA73F1A0A3, StartTime=2016.05.10-10.18.35, HierarchicalDDC=, DataSize=8454, Duration=5.513635, RunGuid=RunID412F78C9452894DFB916C58C634E9187
DDCTransactionId965DC8EE4B940FE4EAFB019CBE28EBCA_34, PutCachedData=, CacheKey=TEXTURE_814DCC3DC72143F49509781513CB9855_AutoDXT_B78DD35F456640F4EF7797857575A__D57B356C2A4DFF004FC33394F3DC43A15DB76DB3, StartTime=2016.05.10-10.18.35, HierarchicalDDC=, DataSize=4178, Duration=2.866436, RunGuid=RunID412F78C9452894DFB916C58C634E9187
DDCTransactionId965DC8EE4B940FE4EAFB019CBE28EBCA_35, PutCachedData=, CacheKey=TEXTURE_814DCC3DC72143F49509781513CB9855_AutoDXT_DCE38BEB472B44003348FDB2485BD__462BFE7DAF5ADD387A15BB47EA69A87343D28CCE, StartTime=2016.05.10-10.18.35, HierarchicalDDC=, DataSize=131335, Duration=3.149707, RunGuid=RunID412F78C9452894DFB916C58C634E9187
DDCTransactionId965DC8EE4B940FE4EAFB019CBE28EBCA_36, PutCachedData=, CacheKey=TEXTURE_814DCC3DC72143F49509781513CB9855_AutoDXT_DCE38BEB472B44003348FDB2485BD__5FAEF8178D0AF1BFC51B8046E46738485FF8D509, StartTime=2016.05.10-10.18.35, HierarchicalDDC=, DataSize=33031, Duration=6.464872, RunGuid=RunID412F78C9452894DFB916C58C634E9187
DDCTransactionId965DC8EE4B940FE4EAFB019CBE28EBCA_37, PutCachedData=, CacheKey=TEXTURE_814DCC3DC72143F49509781513CB9855_AutoDXT_DCE38BEB472B44003348FDB2485BD__83533F9BAF5DF08E193E5BE9807126BC128ABD06, StartTime=2016.05.10-10.18.35, HierarchicalDDC=, DataSize=8454, Duration=21.936300, RunGuid=RunID412F78C9452894DFB916C58C634E9187
DDCTransactionId1422E3194069F5187F77FCA03836D80A_26, PutCachedData=, CacheKey=TEXTURE_814DCC3DC72143F49509781513CB9855_AutoDXT_DCE38BEB472B44003348FDB2485BD__1E36574C1FB71BC4EBAD4AA574F46CB228CCE500, StartTime=2016.05.10-10.18.35, HierarchicalDDC=, DataSize=4178, Duration=2.557702, RunGuid=RunID412F78C9452894DFB916C58C634E9187
DDCTransactionId1422E3194069F5187F77FCA03836D80A_27, PutCachedData=, CacheKey=TEXTURE_814DCC3DC72143F49509781513CB9855_AutoDXT_9CA124C1437DB0658C52AE9AE7BEC__44B599660AA6ED5A6C772C7C09F54E54444FF426, StartTime=2016.05.10-10.18.35, HierarchicalDDC=, DataSize=1910, Duration=4.236426, RunGuid=RunID412F78C9452894DFB916C58C634E9187
DDCTransactionId1422E3194069F5187F77FCA03836D80A_28, PutCachedData=, CacheKey=TEXTURE_814DCC3DC72143F49509781513CB9855_G8_0671781B4C1C0121519E72812347647B_0__CF9177272A637ADCB72EF2CC9D289259A55F7654, StartTime=2016.05.10-10.18.35, HierarchicalDDC=, DataSize=131330, Duration=2.618875, RunGuid=RunID412F78C9452894DFB916C58C634E9187
DDCTransactionId965DC8EE4B940FE4EAFB019CBE28EBCA_38, PutCachedData=, CacheKey=TEXTURE_814DCC3DC72143F49509781513CB9855_G8_0671781B4C1C0121519E72812347647B_0__F79DF1A1EDABF269CBF8C2DDBCE6C3FD1E6DC9F1, StartTime=2016.05.10-10.18.35, HierarchicalDDC=, DataSize=33026, Duration=2.742447, RunGuid=RunID412F78C9452894DFB916C58C634E9187
DDCTransactionId1422E3194069F5187F77FCA03836D80A_29, PutCachedData=, CacheKey=TEXTURE_814DCC3DC72143F49509781513CB9855_G8_0671781B4C1C0121519E72812347647B_0__298CACA9E15778E5E4F2700F44D83A304DE159A8, StartTime=2016.05.10-10.18.35, HierarchicalDDC=, DataSize=8449, Duration=4.690491, RunGuid=RunID412F78C9452894DFB916C58C634E9187
DDCTransactionId965DC8EE4B940FE4EAFB019CBE28EBCA_39, PutCachedData=, CacheKey=TEXTURE_814DCC3DC72143F49509781513CB9855_G8_0671781B4C1C0121519E72812347647B_0__0C395E4987B48BA65EB34499109483F11DAD2470, StartTime=2016.05.10-10.18.35, HierarchicalDDC=, DataSize=4119, Duration=4.256133, RunGuid=RunID412F78C9452894DFB916C58C634E9187
DDCTransactionId965DC8EE4B940FE4EAFB019CBE28EBCA_40, PutCachedData=, CacheKey=TEXTURE_814DCC3DC72143F49509781513CB9855_G8_9F9BEDA4480C97153F279690F1C42145_0__A2F533BA4BBCB127A3955C668064415CFE6420C9, StartTime=2016.05.10-10.18.35, HierarchicalDDC=, DataSize=131330, Duration=33.781376, RunGuid=RunID412F78C9452894DFB916C58C634E9187
DDCTransactionId1422E3194069F5187F77FCA03836D80A_30, PutCachedData=, CacheKey=TEXTURE_814DCC3DC72143F49509781513CB9855_G8_9F9BEDA4480C97153F279690F1C42145_0__FC3F91D60F7E2315297014D7287D9ADE786D09B0, StartTime=2016.05.10-10.18.35, HierarchicalDDC=, DataSize=33026, Duration=2.056837, RunGuid=RunID412F78C9452894DFB916C58C634E9187
DDCTransactionId39DEA6B74302DA4B9B4D4E88D33156B7_20, PutCachedData=, CacheKey=TEXTURE_814DCC3DC72143F49509781513CB9855_G8_9F9BEDA4480C97153F279690F1C42145_0__778F4C75B988364A53A84389CEF891EBFA38AC61, StartTime=2016.05.10-10.18.35, HierarchicalDDC=, DataSize=8449, Duration=3.071293, RunGuid=RunID412F78C9452894DFB916C58C634E9187
DDCTransactionId1422E3194069F5187F77FCA03836D80A_31, PutCachedData=, CacheKey=TEXTURE_814DCC3DC72143F49509781513CB9855_G8_9F9BEDA4480C97153F279690F1C42145_0__A1D5AFB030BEA0E1131C1BD929E21F716660CD39, StartTime=2016.05.10-10.18.35, HierarchicalDDC=, DataSize=4119, Duration=9.036120, RunGuid=RunID412F78C9452894DFB916C58C634E9187
DDCTransactionId39DEA6B74302DA4B9B4D4E88D33156B7_21, PutCachedData=, CacheKey=TEXTURE_814DCC3DC72143F49509781513CB9855_G8_C296C30843D39D9B4FD7E29234E3C726_0__6217D6BA319E302A0D8C86BA4AE8004B234713F8, StartTime=2016.05.10-10.18.35, HierarchicalDDC=, DataSize=3250, Duration=6.665219, RunGuid=RunID412F78C9452894DFB916C58C634E9187
DDCTransactionId39DEA6B74302DA4B9B4D4E88D33156B7_22, PutCachedData=, CacheKey=TEXTURE_814DCC3DC72143F49509781513CB9855_G8_C7D4CA0640D34A5DA0633D8F8A670C28_0__8208E8E00B1277EE9595902B1AFEA94698D0E99F, StartTime=2016.05.10-10.18.35, HierarchicalDDC=, DataSize=524547, Duration=10.143776, RunGuid=RunID412F78C9452894DFB916C58C634E9187
DDCTransactionId1422E3194069F5187F77FCA03836D80A_32, PutCachedData=, CacheKey=TEXTURE_814DCC3DC72143F49509781513CB9855_G8_C7D4CA0640D34A5DA0633D8F8A670C28_0__F1485A515EFC5D15EC55B4C074A22D27BDA0B9E9, StartTime=2016.05.10-10.18.35, HierarchicalDDC=, DataSize=131330, Duration=8.253619, RunGuid=RunID412F78C9452894DFB916C58C634E9187
DDCTransactionId1422E3194069F5187F77FCA03836D80A_33, PutCachedData=, CacheKey=TEXTURE_814DCC3DC72143F49509781513CB9855_G8_C7D4CA0640D34A5DA0633D8F8A670C28_0__3021CABD9F02E4323CF05DC1EB9E03AFDF56B75F, StartTime=2016.05.10-10.18.35, HierarchicalDDC=, DataSize=33026, Duration=22.504908, RunGuid=RunID412F78C9452894DFB916C58C634E9187
DDCTransactionId39DEA6B74302DA4B9B4D4E88D33156B7_23, PutCachedData=, CacheKey=TEXTURE_814DCC3DC72143F49509781513CB9855_G8_C7D4CA0640D34A5DA0633D8F8A670C28_0__D94C878223202CE16D114E0D1B0B36DB9890E554, StartTime=2016.05.10-10.18.35, HierarchicalDDC=, DataSize=8449, Duration=12.220725, RunGuid=RunID412F78C9452894DFB916C58C634E9187
DDCTransactionId39DEA6B74302DA4B9B4D4E88D33156B7_24, PutCachedData=, CacheKey=TEXTURE_814DCC3DC72143F49509781513CB9855_G8_C7D4CA0640D34A5DA0633D8F8A670C28_0__DCC3627A59D92646AF03E953E18A74F509E0769D, StartTime=2016.05.10-10.18.35, HierarchicalDDC=, DataSize=4410, Duration=7.045381, RunGuid=RunID412F78C9452894DFB916C58C634E9187
DDCTransactionId965DC8EE4B940FE4EAFB019CBE28EBCA_41, PutCachedData=, CacheKey=TEXTURE_814DCC3DC72143F49509781513CB9855_G8_0319917C43A7066F873369A1A479F40F_0__F3AD7986B98CE7E2AC94AF38054CC9B916BC1285, StartTime=2016.05.10-10.18.35, HierarchicalDDC=, DataSize=131330, Duration=25.003489, RunGuid=RunID412F78C9452894DFB916C58C634E9187
DDCTransactionId39DEA6B74302DA4B9B4D4E88D33156B7_25, PutCachedData=, CacheKey=TEXTURE_814DCC3DC72143F49509781513CB9855_G8_0319917C43A7066F873369A1A479F40F_0__F53FEDFFF37BD098BCA224A191C1CB95C11D8D8B, StartTime=2016.05.10-10.18.35, HierarchicalDDC=, DataSize=33026, Duration=2.347503, RunGuid=RunID412F78C9452894DFB916C58C634E9187
DDCTransactionId1422E3194069F5187F77FCA03836D80A_34, PutCachedData=, CacheKey=TEXTURE_814DCC3DC72143F49509781513CB9855_G8_0319917C43A7066F873369A1A479F40F_0__FE69F58F0DBF19A4942F28D4CE1C400821178ADE, StartTime=2016.05.10-10.18.35, HierarchicalDDC=, DataSize=8449, Duration=16.072062, RunGuid=RunID412F78C9452894DFB916C58C634E9187
DDCTransactionId39DEA6B74302DA4B9B4D4E88D33156B7_26, PutCachedData=, CacheKey=TEXTURE_814DCC3DC72143F49509781513CB9855_G8_0319917C43A7066F873369A1A479F40F_0__1D4789429E26B9AA431D334219008E043D7EB2F8, StartTime=2016.05.10-10.18.35, HierarchicalDDC=, DataSize=4119, Duration=15.606910, RunGuid=RunID412F78C9452894DFB916C58C634E9187
DDCTransactionId39DEA6B74302DA4B9B4D4E88D33156B7_27, PutCachedData=, CacheKey=TEXTURE_814DCC3DC72143F49509781513CB9855_G8_388A327E470B35583E8BD9923A8572F7_0__96E9A26AF67D87B3B3E97D66E3BBF67944048566, StartTime=2016.05.10-10.18.35, HierarchicalDDC=, DataSize=131330, Duration=74.968590, RunGuid=RunID412F78C9452894DFB916C58C634E9187
DDCTransactionId1422E3194069F5187F77FCA03836D80A_35, PutCachedData=, CacheKey=TEXTURE_814DCC3DC72143F49509781513CB9855_G8_388A327E470B35583E8BD9923A8572F7_0__2CC84B1EC867741723DA2A8E10A397918BC49377, StartTime=2016.05.10-10.18.35, HierarchicalDDC=, DataSize=33026, Duration=42.314163, RunGuid=RunID412F78C9452894DFB916C58C634E9187
DDCTransactionId965DC8EE4B940FE4EAFB019CBE28EBCA_42, PutCachedData=, CacheKey=TEXTURE_814DCC3DC72143F49509781513CB9855_G8_388A327E470B35583E8BD9923A8572F7_0__59D468C65A0DED32638796604F0578D3FB710F6E, StartTime=2016.05.10-10.18.35, HierarchicalDDC=, DataSize=8449, Duration=16.189060, RunGuid=RunID412F78C9452894DFB916C58C634E9187
DDCTransactionId965DC8EE4B940FE4EAFB019CBE28EBCA_43, PutCachedData=, CacheKey=TEXTURE_814DCC3DC72143F49509781513CB9855_G8_388A327E470B35583E8BD9923A8572F7_0__B142B01E81BD1E3859F6EF4058BDC3BDD1DA8667, StartTime=2016.05.10-10.18.35, HierarchicalDDC=, DataSize=4119, Duration=5.179450, RunGuid=RunID412F78C9452894DFB916C58C634E9187
